Starbucks Sibiu Oituz,45.7826201,24.1465759
Starbucks Bucuresti Calea Victoriei,44.4514467,26.0827712
Starbucks Vienna,48.1817174,16.3798455
Starbucks Sibiu Piata Mare,45.7973354,24.1503473
Starbucks Andorra la Vella,42.5080922,1.5291981
Starbucks Cluj Iulius Mall,46.771803,23.6234979